{
  "best_planner": "RRT*",
  "energy_best": 48.79370694072656,
  "pareto": {
    "length": [
      106,
      38,
      7199
    ],
    "energy": [
      133.66342350599967,
      48.79370694072656,
      9342.150364924106
    ],
    "risk_mean": [
      0.20086550932045352,
      0.17971689685234385,
      0.18836580780243195
    ]
  },
  "coverage_final": 0.0963134765625
}